{
  "_links": {
    "self": {
      "href": "http://api.football-data.org/v1/teams/338/fixtures"
    },
    "team": {
      "href": "http://api.football-data.org/v1/teams/338"
    }
  },
  "season": "2017",
  "count": 38,
  "fixtures": [
    {
      "_links": {
        "self": {
          "href": "http://api.football-data.org/v1/fixtures/159316"
        },
        "competition": {
          "href": "http://api.football-data.org/v1/competitions/445"
        },
        "homeTeam": {
          "href": "http://api.football-data.org/v1/teams/57"
        },
        "awayTeam": {
          "href": "http://api.football-data.org/v1/teams/338"
        }
      },
      "date": "2017-08-11T18:45:00Z",
      "status": "FINISHED",
      "matchday": 1,
      "homeTeamName": "Arsenal FC",
      "awayTeamName": "Leicester City FC",
      "result": {
        "goalsHomeTeam": 4,
        "goalsAwayTeam": 3,
        "halfTime": {
          "goalsHomeTeam": 2,
          "goalsAwayTeam": 2
        }
      },
      "odds": null
    },
    {
      "_links": {
        "self": {
          "href": "http://api.football-data.org/v1/fixtures/159309"
        },
        "competition": {
          "href": "http://api.football-data.org/v1/competitions/445"
        },
        "homeTeam": {
          "href": "http://api.football-data.org/v1/teams/338"
        },
        "awayTeam": {
          "href": "http://api.football-data.org/v1/teams/397"
        }
      },
      "date": "2017-08-19T14:00:00Z",
      "status": "FINISHED",
      "matchday": 2,
      "homeTeamName": "Leicester City FC",
      "awayTeamName": "Brighton & Hove Albion",
      "result": {
        "goalsHomeTeam": 2,
        "goalsAwayTeam": 0,
        "halfTime": {
          "goalsHomeTeam": 1,
          "goalsAwayTeam": 0
        }
      },
      "odds": null
    },
    {
      "_links": {
        "self": {
          "href": "http://api.football-data.org/v1/fixtures/159301"
        },
        "competition": {
          "href": "http://api.football-data.org/v1/competitions/445"
        },
        "homeTeam": {
          "href": "http://api.football-data.org/v1/teams/66"
        },
        "awayTeam": {
          "href": "http://api.football-data.org/v1/teams/338"
        }
      },
      "date": "2017-08-26T16:30:00Z",
      "status": "FINISHED",
      "matchday": 3,
      "homeTeamName": "Manchester United FC",
      "awayTeamName": "Leicester City FC",
      "result": {
        "goalsHomeTeam": 2,
        "goalsAwayTeam": 0,
        "halfTime": {
          "goalsHomeTeam": 0,
          "goalsAwayTeam": 0
        }
      },
      "odds": null
    },
    {
      "_links": {
        "self": {
          "href": "http://api.football-data.org/v1/fixtures/159290"
        },
        "competition": {
          "href": "http://api.football-data.org/v1/competitions/445"
        },
        "homeTeam": {
          "href": "http://api.football-data.org/v1/teams/338"
        },
        "awayTeam": {
          "href": "http://api.football-data.org/v1/teams/61"
        }
      },
      "date": "2017-09-09T14:00:00Z",
      "status": "FINISHED",
      "matchday": 4,
      "homeTeamName": "Leicester City FC",
      "awayTeamName": "Chelsea FC",
      "result": {
        "goalsHomeTeam": 1,
        "goalsAwayTeam": 2,
        "halfTime": {
          "goalsHomeTeam": 0,
          "goalsAwayTeam": 1
        }
      },
      "odds": null
    },
    {
      "_links": {
        "self": {
          "href": "http://api.football-data.org/v1/fixtures/159279"
        },
        "competition": {
          "href": "http://api.football-data.org/v1/competitions/445"
        },
        "homeTeam": {
          "href": "http://api.football-data.org/v1/teams/394"
        },
        "awayTeam": {
          "href": "http://api.football-data.org/v1/teams/338"
        }
      },
      "date": "2017-09-16T14:00:00Z",
      "status": "FINISHED",
      "matchday": 5,
      "homeTeamName": "Huddersfield Town",
      "awayTeamName": "Leicester City FC",
      "result": {
        "goalsHomeTeam": 1,
        "goalsAwayTeam": 1,
        "halfTime": {
          "goalsHomeTeam": 0,
          "goalsAwayTeam": 0
        }
      },
      "odds": null
    },
    {
      "_links": {
        "self": {
          "href": "http://api.football-data.org/v1/fixtures/159270"
        },
        "competition": {
          "href": "http://api.football-data.org/v1/competitions/445"
        },
        "homeTeam": {
          "href": "http://api.football-data.org/v1/teams/338"
        },
        "awayTeam": {
          "href": "http://api.football-data.org/v1/teams/64"
        }
      },
      "date": "2017-09-23T16:30:00Z",
      "status": "FINISHED",
      "matchday": 6,
      "homeTeamName": "Leicester City FC",
      "awayTeamName": "Liverpool FC",
      "result": {
        "goalsHomeTeam": 2,
        "goalsAwayTeam": 3,
        "halfTime": {
          "goalsHomeTeam": 1,
          "goalsAwayTeam": 2
        }
      },
      "odds": null
    },
    {
      "_links": {
        "self": {
          "href": "http://api.football-data.org/v1/fixtures/159256"
        },
        "competition": {
          "href": "http://api.football-data.org/v1/competitions/445"
        },
        "homeTeam": {
          "href": "http://api.football-data.org/v1/teams/1044"
        },
        "awayTeam": {
          "href": "http://api.football-data.org/v1/teams/338"
        }
      },
      "date": "2017-09-30T14:00:00Z",
      "status": "FINISHED",
      "matchday": 7,
      "homeTeamName": "AFC Bournemouth",
      "awayTeamName": "Leicester City FC",
      "result": {
        "goalsHomeTeam": 0,
        "goalsAwayTeam": 0,
        "halfTime": {
          "goalsHomeTeam": 0,
          "goalsAwayTeam": 0
        }
      },
      "odds": null
    },
    {
      "_links": {
        "self": {
          "href": "http://api.football-data.org/v1/fixtures/159249"
        },
        "competition": {
          "href": "http://api.football-data.org/v1/competitions/445"
        },
        "homeTeam": {
          "href": "http://api.football-data.org/v1/teams/338"
        },
        "awayTeam": {
          "href": "http://api.football-data.org/v1/teams/74"
        }
      },
      "date": "2017-10-16T19:00:00Z",
      "status": "TIMED",
      "matchday": 8,
      "homeTeamName": "Leicester City FC",
      "awayTeamName": "West Bromwich Albion FC",
      "result": {
        "goalsHomeTeam": null,
        "goalsAwayTeam": null
      },
      "odds": null
    },
    {
      "_links": {
        "self": {
          "href": "http://api.football-data.org/v1/fixtures/159243"
        },
        "competition": {
          "href": "http://api.football-data.org/v1/competitions/445"
        },
        "homeTeam": {
          "href": "http://api.football-data.org/v1/teams/72"
        },
        "awayTeam": {
          "href": "http://api.football-data.org/v1/teams/338"
        }
      },
      "date": "2017-10-21T14:00:00Z",
      "status": "SCHEDULED",
      "matchday": 9,
      "homeTeamName": "Swansea City FC",
      "awayTeamName": "Leicester City FC",
      "result": {
        "goalsHomeTeam": null,
        "goalsAwayTeam": null
      },
      "odds": null
    },
    {
      "_links": {
        "self": {
          "href": "http://api.football-data.org/v1/fixtures/159231"
        },
        "competition": {
          "href": "http://api.football-data.org/v1/competitions/445"
        },
        "homeTeam": {
          "href": "http://api.football-data.org/v1/teams/338"
        },
        "awayTeam": {
          "href": "http://api.football-data.org/v1/teams/62"
        }
      },
      "date": "2017-10-29T16:00:00Z",
      "status": "SCHEDULED",
      "matchday": 10,
      "homeTeamName": "Leicester City FC",
      "awayTeamName": "Everton FC",
      "result": {
        "goalsHomeTeam": null,
        "goalsAwayTeam": null
      },
      "odds": null
    },
    {
      "_links": {
        "self": {
          "href": "http://api.football-data.org/v1/fixtures/159222"
        },
        "competition": {
          "href": "http://api.football-data.org/v1/competitions/445"
        },
        "homeTeam": {
          "href": "http://api.football-data.org/v1/teams/70"
        },
        "awayTeam": {
          "href": "http://api.football-data.org/v1/teams/338"
        }
      },
      "date": "2017-11-04T12:30:00Z",
      "status": "SCHEDULED",
      "matchday": 11,
      "homeTeamName": "Stoke City FC",
      "awayTeamName": "Leicester City FC",
      "result": {
        "goalsHomeTeam": null,
        "goalsAwayTeam": null
      },
      "odds": null
    },
    {
      "_links": {
        "self": {
          "href": "http://api.football-data.org/v1/fixtures/159211"
        },
        "competition": {
          "href": "http://api.football-data.org/v1/competitions/445"
        },
        "homeTeam": {
          "href": "http://api.football-data.org/v1/teams/338"
        },
        "awayTeam": {
          "href": "http://api.football-data.org/v1/teams/65"
        }
      },
      "date": "2017-11-18T15:00:00Z",
      "status": "SCHEDULED",
      "matchday": 12,
      "homeTeamName": "Leicester City FC",
      "awayTeamName": "Manchester City FC",
      "result": {
        "goalsHomeTeam": null,
        "goalsAwayTeam": null
      },
      "odds": null
    },
    {
      "_links": {
        "self": {
          "href": "http://api.football-data.org/v1/fixtures/159205"
        },
        "competition": {
          "href": "http://api.football-data.org/v1/competitions/445"
        },
        "homeTeam": {
          "href": "http://api.football-data.org/v1/teams/563"
        },
        "awayTeam": {
          "href": "http://api.football-data.org/v1/teams/338"
        }
      },
      "date": "2017-11-24T20:00:00Z",
      "status": "SCHEDULED",
      "matchday": 13,
      "homeTeamName": "West Ham United FC",
      "awayTeamName": "Leicester City FC",
      "result": {
        "goalsHomeTeam": null,
        "goalsAwayTeam": null
      },
      "odds": null
    },
    {
      "_links": {
        "self": {
          "href": "http://api.football-data.org/v1/fixtures/159194"
        },
        "competition": {
          "href": "http://api.football-data.org/v1/competitions/445"
        },
        "homeTeam": {
          "href": "http://api.football-data.org/v1/teams/338"
        },
        "awayTeam": {
          "href": "http://api.football-data.org/v1/teams/73"
        }
      },
      "date": "2017-11-28T19:45:00Z",
      "status": "SCHEDULED",
      "matchday": 14,
      "homeTeamName": "Leicester City FC",
      "awayTeamName": "Tottenham Hotspur FC",
      "result": {
        "goalsHomeTeam": null,
        "goalsAwayTeam": null
      },
      "odds": null
    },
    {
      "_links": {
        "self": {
          "href": "http://api.football-data.org/v1/fixtures/159181"
        },
        "competition": {
          "href": "http://api.football-data.org/v1/competitions/445"
        },
        "homeTeam": {
          "href": "http://api.football-data.org/v1/teams/338"
        },
        "awayTeam": {
          "href": "http://api.football-data.org/v1/teams/328"
        }
      },
      "date": "2017-12-02T15:00:00Z",
      "status": "SCHEDULED",
      "matchday": 15,
      "homeTeamName": "Leicester City FC",
      "awayTeamName": "Burnley FC",
      "result": {
        "goalsHomeTeam": null,
        "goalsAwayTeam": null
      },
      "odds": null
    },
    {
      "_links": {
        "self": {
          "href": "http://api.football-data.org/v1/fixtures/159171"
        },
        "competition": {
          "href": "http://api.football-data.org/v1/competitions/445"
        },
        "homeTeam": {
          "href": "http://api.football-data.org/v1/teams/67"
        },
        "awayTeam": {
          "href": "http://api.football-data.org/v1/teams/338"
        }
      },
      "date": "2017-12-09T15:00:00Z",
      "status": "SCHEDULED",
      "matchday": 16,
      "homeTeamName": "Newcastle United FC",
      "awayTeamName": "Leicester City FC",
      "result": {
        "goalsHomeTeam": null,
        "goalsAwayTeam": null
      },
      "odds": null
    },
    {
      "_links": {
        "self": {
          "href": "http://api.football-data.org/v1/fixtures/159159"
        },
        "competition": {
          "href": "http://api.football-data.org/v1/competitions/445"
        },
        "homeTeam": {
          "href": "http://api.football-data.org/v1/teams/340"
        },
        "awayTeam": {
          "href": "http://api.football-data.org/v1/teams/338"
        }
      },
      "date": "2017-12-13T19:45:00Z",
      "status": "SCHEDULED",
      "matchday": 17,
      "homeTeamName": "Southampton FC",
      "awayTeamName": "Leicester City FC",
      "result": {
        "goalsHomeTeam": null,
        "goalsAwayTeam": null
      },
      "odds": null
    },
    {
      "_links": {
        "self": {
          "href": "http://api.football-data.org/v1/fixtures/159151"
        },
        "competition": {
          "href": "http://api.football-data.org/v1/competitions/445"
        },
        "homeTeam": {
          "href": "http://api.football-data.org/v1/teams/338"
        },
        "awayTeam": {
          "href": "http://api.football-data.org/v1/teams/354"
        }
      },
      "date": "2017-12-16T15:00:00Z",
      "status": "SCHEDULED",
      "matchday": 18,
      "homeTeamName": "Leicester City FC",
      "awayTeamName": "Crystal Palace FC",
      "result": {
        "goalsHomeTeam": null,
        "goalsAwayTeam": null
      },
      "odds": null
    },
    {
      "_links": {
        "self": {
          "href": "http://api.football-data.org/v1/fixtures/159140"
        },
        "competition": {
          "href": "http://api.football-data.org/v1/competitions/445"
        },
        "homeTeam": {
          "href": "http://api.football-data.org/v1/teams/338"
        },
        "awayTeam": {
          "href": "http://api.football-data.org/v1/teams/66"
        }
      },
      "date": "2017-12-23T15:00:00Z",
      "status": "SCHEDULED",
      "matchday": 19,
      "homeTeamName": "Leicester City FC",
      "awayTeamName": "Manchester United FC",
      "result": {
        "goalsHomeTeam": null,
        "goalsAwayTeam": null
      },
      "odds": null
    },
    {
      "_links": {
        "self": {
          "href": "http://api.football-data.org/v1/fixtures/159134"
        },
        "competition": {
          "href": "http://api.football-data.org/v1/competitions/445"
        },
        "homeTeam": {
          "href": "http://api.football-data.org/v1/teams/346"
        },
        "awayTeam": {
          "href": "http://api.football-data.org/v1/teams/338"
        }
      },
      "date": "2017-12-26T15:00:00Z",
      "status": "SCHEDULED",
      "matchday": 20,
      "homeTeamName": "Watford FC",
      "awayTeamName": "Leicester City FC",
      "result": {
        "goalsHomeTeam": null,
        "goalsAwayTeam": null
      },
      "odds": null
    },
    {
      "_links": {
        "self": {
          "href": "http://api.football-data.org/v1/fixtures/159120"
        },
        "competition": {
          "href": "http://api.football-data.org/v1/competitions/445"
        },
        "homeTeam": {
          "href": "http://api.football-data.org/v1/teams/64"
        },
        "awayTeam": {
          "href": "http://api.football-data.org/v1/teams/338"
        }
      },
      "date": "2017-12-30T15:00:00Z",
      "status": "SCHEDULED",
      "matchday": 21,
      "homeTeamName": "Liverpool FC",
      "awayTeamName": "Leicester City FC",
      "result": {
        "goalsHomeTeam": null,
        "goalsAwayTeam": null
      },
      "odds": null
    },
    {
      "_links": {
        "self": {
          "href": "http://api.football-data.org/v1/fixtures/159110"
        },
        "competition": {
          "href": "http://api.football-data.org/v1/competitions/445"
        },
        "homeTeam": {
          "href": "http://api.football-data.org/v1/teams/338"
        },
        "awayTeam": {
          "href": "http://api.football-data.org/v1/teams/394"
        }
      },
      "date": "2018-01-01T15:00:00Z",
      "status": "SCHEDULED",
      "matchday": 22,
      "homeTeamName": "Leicester City FC",
      "awayTeamName": "Huddersfield Town",
      "result": {
        "goalsHomeTeam": null,
        "goalsAwayTeam": null
      },
      "odds": null
    },
    {
      "_links": {
        "self": {
          "href": "http://api.football-data.org/v1/fixtures/159097"
        },
        "competition": {
          "href": "http://api.football-data.org/v1/competitions/445"
        },
        "homeTeam": {
          "href": "http://api.football-data.org/v1/teams/61"
        },
        "awayTeam": {
          "href": "http://api.football-data.org/v1/teams/338"
        }
      },
      "date": "2018-01-13T15:00:00Z",
      "status": "SCHEDULED",
      "matchday": 23,
      "homeTeamName": "Chelsea FC",
      "awayTeamName": "Leicester City FC",
      "result": {
        "goalsHomeTeam": null,
        "goalsAwayTeam": null
      },
      "odds": null
    },
    {
      "_links": {
        "self": {
          "href": "http://api.football-data.org/v1/fixtures/159090"
        },
        "competition": {
          "href": "http://api.football-data.org/v1/competitions/445"
        },
        "homeTeam": {
          "href": "http://api.football-data.org/v1/teams/338"
        },
        "awayTeam": {
          "href": "http://api.football-data.org/v1/teams/346"
        }
      },
      "date": "2018-01-20T15:00:00Z",
      "status": "SCHEDULED",
      "matchday": 24,
      "homeTeamName": "Leicester City FC",
      "awayTeamName": "Watford FC",
      "result": {
        "goalsHomeTeam": null,
        "goalsAwayTeam": null
      },
      "odds": null
    },
    {
      "_links": {
        "self": {
          "href": "http://api.football-data.org/v1/fixtures/159080"
        },
        "competition": {
          "href": "http://api.football-data.org/v1/competitions/445"
        },
        "homeTeam": {
          "href": "http://api.football-data.org/v1/teams/62"
        },
        "awayTeam": {
          "href": "http://api.football-data.org/v1/teams/338"
        }
      },
      "date": "2018-01-31T19:45:00Z",
      "status": "SCHEDULED",
      "matchday": 25,
      "homeTeamName": "Everton FC",
      "awayTeamName": "Leicester City FC",
      "result": {
        "goalsHomeTeam": null,
        "goalsAwayTeam": null
      },
      "odds": null
    },
    {
      "_links": {
        "self": {
          "href": "http://api.football-data.org/v1/fixtures/159071"
        },
        "competition": {
          "href": "http://api.football-data.org/v1/competitions/445"
        },
        "homeTeam": {
          "href": "http://api.football-data.org/v1/teams/338"
        },
        "awayTeam": {
          "href": "http://api.football-data.org/v1/teams/72"
        }
      },
      "date": "2018-02-03T15:00:00Z",
      "status": "SCHEDULED",
      "matchday": 26,
      "homeTeamName": "Leicester City FC",
      "awayTeamName": "Swansea City FC",
      "result": {
        "goalsHomeTeam": null,
        "goalsAwayTeam": null
      },
      "odds": null
    },
    {
      "_links": {
        "self": {
          "href": "http://api.football-data.org/v1/fixtures/159059"
        },
        "competition": {
          "href": "http://api.football-data.org/v1/competitions/445"
        },
        "homeTeam": {
          "href": "http://api.football-data.org/v1/teams/65"
        },
        "awayTeam": {
          "href": "http://api.football-data.org/v1/teams/338"
        }
      },
      "date": "2018-02-10T15:00:00Z",
      "status": "SCHEDULED",
      "matchday": 27,
      "homeTeamName": "Manchester City FC",
      "awayTeamName": "Leicester City FC",
      "result": {
        "goalsHomeTeam": null,
        "goalsAwayTeam": null
      },
      "odds": null
    },
    {
      "_links": {
        "self": {
          "href": "http://api.football-data.org/v1/fixtures/159051"
        },
        "competition": {
          "href": "http://api.football-data.org/v1/competitions/445"
        },
        "homeTeam": {
          "href": "http://api.football-data.org/v1/teams/338"
        },
        "awayTeam": {
          "href": "http://api.football-data.org/v1/teams/70"
        }
      },
      "date": "2018-02-24T15:00:00Z",
      "status": "SCHEDULED",
      "matchday": 28,
      "homeTeamName": "Leicester City FC",
      "awayTeamName": "Stoke City FC",
      "result": {
        "goalsHomeTeam": null,
        "goalsAwayTeam": null
      },
      "odds": null
    },
    {
      "_links": {
        "self": {
          "href": "http://api.football-data.org/v1/fixtures/159039"
        },
        "competition": {
          "href": "http://api.football-data.org/v1/competitions/445"
        },
        "homeTeam": {
          "href": "http://api.football-data.org/v1/teams/338"
        },
        "awayTeam": {
          "href": "http://api.football-data.org/v1/teams/1044"
        }
      },
      "date": "2018-03-03T15:00:00Z",
      "status": "SCHEDULED",
      "matchday": 29,
      "homeTeamName": "Leicester City FC",
      "awayTeamName": "AFC Bournemouth",
      "result": {
        "goalsHomeTeam": null,
        "goalsAwayTeam": null
      },
      "odds": null
    },
    {
      "_links": {
        "self": {
          "href": "http://api.football-data.org/v1/fixtures/159034"
        },
        "competition": {
          "href": "http://api.football-data.org/v1/competitions/445"
        },
        "homeTeam": {
          "href": "http://api.football-data.org/v1/teams/74"
        },
        "awayTeam": {
          "href": "http://api.football-data.org/v1/teams/338"
        }
      },
      "date": "2018-03-10T15:00:00Z",
      "status": "SCHEDULED",
      "matchday": 30,
      "homeTeamName": "West Bromwich Albion FC",
      "awayTeamName": "Leicester City FC",
      "result": {
        "goalsHomeTeam": null,
        "goalsAwayTeam": null
      },
      "odds": null
    },
    {
      "_links": {
        "self": {
          "href": "http://api.football-data.org/v1/fixtures/159019"
        },
        "competition": {
          "href": "http://api.football-data.org/v1/competitions/445"
        },
        "homeTeam": {
          "href": "http://api.football-data.org/v1/teams/338"
        },
        "awayTeam": {
          "href": "http://api.football-data.org/v1/teams/57"
        }
      },
      "date": "2018-03-17T15:00:00Z",
      "status": "SCHEDULED",
      "matchday": 31,
      "homeTeamName": "Leicester City FC",
      "awayTeamName": "Arsenal FC",
      "result": {
        "goalsHomeTeam": null,
        "goalsAwayTeam": null
      },
      "odds": null
    },
    {
      "_links": {
        "self": {
          "href": "http://api.football-data.org/v1/fixtures/159007"
        },
        "competition": {
          "href": "http://api.football-data.org/v1/competitions/445"
        },
        "homeTeam": {
          "href": "http://api.football-data.org/v1/teams/397"
        },
        "awayTeam": {
          "href": "http://api.football-data.org/v1/teams/338"
        }
      },
      "date": "2018-03-31T14:00:00Z",
      "status": "SCHEDULED",
      "matchday": 32,
      "homeTeamName": "Brighton & Hove Albion",
      "awayTeamName": "Leicester City FC",
      "result": {
        "goalsHomeTeam": null,
        "goalsAwayTeam": null
      },
      "odds": null
    },
    {
      "_links": {
        "self": {
          "href": "http://api.football-data.org/v1/fixtures/159001"
        },
        "competition": {
          "href": "http://api.football-data.org/v1/competitions/445"
        },
        "homeTeam": {
          "href": "http://api.football-data.org/v1/teams/338"
        },
        "awayTeam": {
          "href": "http://api.football-data.org/v1/teams/67"
        }
      },
      "date": "2018-04-07T14:00:00Z",
      "status": "SCHEDULED",
      "matchday": 33,
      "homeTeamName": "Leicester City FC",
      "awayTeamName": "Newcastle United FC",
      "result": {
        "goalsHomeTeam": null,
        "goalsAwayTeam": null
      },
      "odds": null
    },
    {
      "_links": {
        "self": {
          "href": "http://api.football-data.org/v1/fixtures/158986"
        },
        "competition": {
          "href": "http://api.football-data.org/v1/competitions/445"
        },
        "homeTeam": {
          "href": "http://api.football-data.org/v1/teams/328"
        },
        "awayTeam": {
          "href": "http://api.football-data.org/v1/teams/338"
        }
      },
      "date": "2018-04-14T14:00:00Z",
      "status": "SCHEDULED",
      "matchday": 34,
      "homeTeamName": "Burnley FC",
      "awayTeamName": "Leicester City FC",
      "result": {
        "goalsHomeTeam": null,
        "goalsAwayTeam": null
      },
      "odds": null
    },
    {
      "_links": {
        "self": {
          "href": "http://api.football-data.org/v1/fixtures/158981"
        },
        "competition": {
          "href": "http://api.football-data.org/v1/competitions/445"
        },
        "homeTeam": {
          "href": "http://api.football-data.org/v1/teams/338"
        },
        "awayTeam": {
          "href": "http://api.football-data.org/v1/teams/340"
        }
      },
      "date": "2018-04-21T14:00:00Z",
      "status": "SCHEDULED",
      "matchday": 35,
      "homeTeamName": "Leicester City FC",
      "awayTeamName": "Southampton FC",
      "result": {
        "goalsHomeTeam": null,
        "goalsAwayTeam": null
      },
      "odds": null
    },
    {
      "_links": {
        "self": {
          "href": "http://api.football-data.org/v1/fixtures/158967"
        },
        "competition": {
          "href": "http://api.football-data.org/v1/competitions/445"
        },
        "homeTeam": {
          "href": "http://api.football-data.org/v1/teams/354"
        },
        "awayTeam": {
          "href": "http://api.football-data.org/v1/teams/338"
        }
      },
      "date": "2018-04-28T14:00:00Z",
      "status": "SCHEDULED",
      "matchday": 36,
      "homeTeamName": "Crystal Palace FC",
      "awayTeamName": "Leicester City FC",
      "result": {
        "goalsHomeTeam": null,
        "goalsAwayTeam": null
      },
      "odds": null
    },
    {
      "_links": {
        "self": {
          "href": "http://api.football-data.org/v1/fixtures/158961"
        },
        "competition": {
          "href": "http://api.football-data.org/v1/competitions/445"
        },
        "homeTeam": {
          "href": "http://api.football-data.org/v1/teams/338"
        },
        "awayTeam": {
          "href": "http://api.football-data.org/v1/teams/563"
        }
      },
      "date": "2018-05-05T14:00:00Z",
      "status": "SCHEDULED",
      "matchday": 37,
      "homeTeamName": "Leicester City FC",
      "awayTeamName": "West Ham United FC",
      "result": {
        "goalsHomeTeam": null,
        "goalsAwayTeam": null
      },
      "odds": null
    },
    {
      "_links": {
        "self": {
          "href": "http://api.football-data.org/v1/fixtures/158954"
        },
        "competition": {
          "href": "http://api.football-data.org/v1/competitions/445"
        },
        "homeTeam": {
          "href": "http://api.football-data.org/v1/teams/73"
        },
        "awayTeam": {
          "href": "http://api.football-data.org/v1/teams/338"
        }
      },
      "date": "2018-05-13T14:00:00Z",
      "status": "SCHEDULED",
      "matchday": 38,
      "homeTeamName": "Tottenham Hotspur FC",
      "awayTeamName": "Leicester City FC",
      "result": {
        "goalsHomeTeam": null,
        "goalsAwayTeam": null
      },
      "odds": null
    }
  ]
}