[
  {
    "_links": {
      "self": {
        "href": "http://api.football-data.org/v1/competitions/444"
      },
      "teams": {
        "href": "http://api.football-data.org/v1/competitions/444/teams"
      },
      "fixtures": {
        "href": "http://api.football-data.org/v1/competitions/444/fixtures"
      },
      "leagueTable": {
        "href": "http://api.football-data.org/v1/competitions/444/leagueTable"
      }
    },
    "id": 444,
    "caption": "Campeonato Brasileiro da Série A",
    "league": "BSA",
    "year": "2017",
    "currentMatchday": 26,
    "numberOfMatchdays": 38,
    "numberOfTeams": 20,
    "numberOfGames": 380,
    "lastUpdated": "2017-10-03T01:10:07Z"
  },
  {
    "_links": {
      "self": {
        "href": "http://api.football-data.org/v1/competitions/445"
      },
      "teams": {
        "href": "http://api.football-data.org/v1/competitions/445/teams"
      },
      "fixtures": {
        "href": "http://api.football-data.org/v1/competitions/445/fixtures"
      },
      "leagueTable": {
        "href": "http://api.football-data.org/v1/competitions/445/leagueTable"
      }
    },
    "id": 445,
    "caption": "Premier League 2017/18",
    "league": "PL",
    "year": "2017",
    "currentMatchday": 8,
    "numberOfMatchdays": 38,
    "numberOfTeams": 20,
    "numberOfGames": 380,
    "lastUpdated": "2017-10-04T07:00:05Z"
  },
  {
    "_links": {
      "self": {
        "href": "http://api.football-data.org/v1/competitions/446"
      },
      "teams": {
        "href": "http://api.football-data.org/v1/competitions/446/teams"
      },
      "fixtures": {
        "href": "http://api.football-data.org/v1/competitions/446/fixtures"
      },
      "leagueTable": {
        "href": "http://api.football-data.org/v1/competitions/446/leagueTable"
      }
    },
    "id": 446,
    "caption": "Championship 2017/18",
    "league": "ELC",
    "year": "2017",
    "currentMatchday": 12,
    "numberOfMatchdays": 46,
    "numberOfTeams": 24,
    "numberOfGames": 552,
    "lastUpdated": "2017-10-04T01:00:07Z"
  },
  {
    "_links": {
      "self": {
        "href": "http://api.football-data.org/v1/competitions/447"
      },
      "teams": {
        "href": "http://api.football-data.org/v1/competitions/447/teams"
      },
      "fixtures": {
        "href": "http://api.football-data.org/v1/competitions/447/fixtures"
      },
      "leagueTable": {
        "href": "http://api.football-data.org/v1/competitions/447/leagueTable"
      }
    },
    "id": 447,
    "caption": "League One 2017/18",
    "league": "EL1",
    "year": "2017",
    "currentMatchday": 12,
    "numberOfMatchdays": 46,
    "numberOfTeams": 24,
    "numberOfGames": 552,
    "lastUpdated": "2017-10-03T04:00:05Z"
  },
  {
    "_links": {
      "self": {
        "href": "http://api.football-data.org/v1/competitions/448"
      },
      "teams": {
        "href": "http://api.football-data.org/v1/competitions/448/teams"
      },
      "fixtures": {
        "href": "http://api.football-data.org/v1/competitions/448/fixtures"
      },
      "leagueTable": {
        "href": "http://api.football-data.org/v1/competitions/448/leagueTable"
      }
    },
    "id": 448,
    "caption": "League Two 2017/18",
    "league": "EL2",
    "year": "2017",
    "currentMatchday": 12,
    "numberOfMatchdays": 46,
    "numberOfTeams": 24,
    "numberOfGames": 552,
    "lastUpdated": "2017-10-03T04:00:06Z"
  },
  {
    "_links": {
      "self": {
        "href": "http://api.football-data.org/v1/competitions/449"
      },
      "teams": {
        "href": "http://api.football-data.org/v1/competitions/449/teams"
      },
      "fixtures": {
        "href": "http://api.football-data.org/v1/competitions/449/fixtures"
      },
      "leagueTable": {
        "href": "http://api.football-data.org/v1/competitions/449/leagueTable"
      }
    },
    "id": 449,
    "caption": "Eredivisie 2017/18",
    "league": "DED",
    "year": "2017",
    "currentMatchday": 8,
    "numberOfMatchdays": 34,
    "numberOfTeams": 18,
    "numberOfGames": 306,
    "lastUpdated": "2017-10-04T04:00:07Z"
  },
  {
    "_links": {
      "self": {
        "href": "http://api.football-data.org/v1/competitions/450"
      },
      "teams": {
        "href": "http://api.football-data.org/v1/competitions/450/teams"
      },
      "fixtures": {
        "href": "http://api.football-data.org/v1/competitions/450/fixtures"
      },
      "leagueTable": {
        "href": "http://api.football-data.org/v1/competitions/450/leagueTable"
      }
    },
    "id": 450,
    "caption": "Ligue 1 2017/18",
    "league": "FL1",
    "year": "2017",
    "currentMatchday": 9,
    "numberOfMatchdays": 38,
    "numberOfTeams": 20,
    "numberOfGames": 380,
    "lastUpdated": "2017-10-04T10:00:08Z"
  },
  {
    "_links": {
      "self": {
        "href": "http://api.football-data.org/v1/competitions/451"
      },
      "teams": {
        "href": "http://api.football-data.org/v1/competitions/451/teams"
      },
      "fixtures": {
        "href": "http://api.football-data.org/v1/competitions/451/fixtures"
      },
      "leagueTable": {
        "href": "http://api.football-data.org/v1/competitions/451/leagueTable"
      }
    },
    "id": 451,
    "caption": "Ligue 2 2017/18",
    "league": "FL2",
    "year": "2017",
    "currentMatchday": 10,
    "numberOfMatchdays": 38,
    "numberOfTeams": 20,
    "numberOfGames": 380,
    "lastUpdated": "2017-10-02T20:50:11Z"
  },
  {
    "_links": {
      "self": {
        "href": "http://api.football-data.org/v1/competitions/452"
      },
      "teams": {
        "href": "http://api.football-data.org/v1/competitions/452/teams"
      },
      "fixtures": {
        "href": "http://api.football-data.org/v1/competitions/452/fixtures"
      },
      "leagueTable": {
        "href": "http://api.football-data.org/v1/competitions/452/leagueTable"
      }
    },
    "id": 452,
    "caption": "1. Bundesliga 2017/18",
    "league": "BL1",
    "year": "2017",
    "currentMatchday": 8,
    "numberOfMatchdays": 34,
    "numberOfTeams": 18,
    "numberOfGames": 306,
    "lastUpdated": "2017-10-04T07:00:13Z"
  },
  {
    "_links": {
      "self": {
        "href": "http://api.football-data.org/v1/competitions/453"
      },
      "teams": {
        "href": "http://api.football-data.org/v1/competitions/453/teams"
      },
      "fixtures": {
        "href": "http://api.football-data.org/v1/competitions/453/fixtures"
      },
      "leagueTable": {
        "href": "http://api.football-data.org/v1/competitions/453/leagueTable"
      }
    },
    "id": 453,
    "caption": "2. Bundesliga 2017/18",
    "league": "BL2",
    "year": "2017",
    "currentMatchday": 9,
    "numberOfMatchdays": 34,
    "numberOfTeams": 18,
    "numberOfGames": 306,
    "lastUpdated": "2017-10-02T20:40:15Z"
  },
  {
    "_links": {
      "self": {
        "href": "http://api.football-data.org/v1/competitions/455"
      },
      "teams": {
        "href": "http://api.football-data.org/v1/competitions/455/teams"
      },
      "fixtures": {
        "href": "http://api.football-data.org/v1/competitions/455/fixtures"
      },
      "leagueTable": {
        "href": "http://api.football-data.org/v1/competitions/455/leagueTable"
      }
    },
    "id": 455,
    "caption": "Primera Division 2017",
    "league": "PD",
    "year": "2017",
    "currentMatchday": 8,
    "numberOfMatchdays": 38,
    "numberOfTeams": 20,
    "numberOfGames": 380,
    "lastUpdated": "2017-10-04T10:00:14Z"
  },
  {
    "_links": {
      "self": {
        "href": "http://api.football-data.org/v1/competitions/456"
      },
      "teams": {
        "href": "http://api.football-data.org/v1/competitions/456/teams"
      },
      "fixtures": {
        "href": "http://api.football-data.org/v1/competitions/456/fixtures"
      },
      "leagueTable": {
        "href": "http://api.football-data.org/v1/competitions/456/leagueTable"
      }
    },
    "id": 456,
    "caption": "Serie A 2017/18",
    "league": "SA",
    "year": "2017",
    "currentMatchday": 8,
    "numberOfMatchdays": 38,
    "numberOfTeams": 20,
    "numberOfGames": 380,
    "lastUpdated": "2017-10-04T10:00:15Z"
  },
  {
    "_links": {
      "self": {
        "href": "http://api.football-data.org/v1/competitions/457"
      },
      "teams": {
        "href": "http://api.football-data.org/v1/competitions/457/teams"
      },
      "fixtures": {
        "href": "http://api.football-data.org/v1/competitions/457/fixtures"
      },
      "leagueTable": {
        "href": "http://api.football-data.org/v1/competitions/457/leagueTable"
      }
    },
    "id": 457,
    "caption": "Primeira Liga 2017/18",
    "league": "PPL",
    "year": "2017",
    "currentMatchday": 9,
    "numberOfMatchdays": 34,
    "numberOfTeams": 18,
    "numberOfGames": 306,
    "lastUpdated": "2017-10-04T10:00:16Z"
  },
  {
    "_links": {
      "self": {
        "href": "http://api.football-data.org/v1/competitions/458"
      },
      "teams": {
        "href": "http://api.football-data.org/v1/competitions/458/teams"
      },
      "fixtures": {
        "href": "http://api.football-data.org/v1/competitions/458/fixtures"
      },
      "leagueTable": {
        "href": "http://api.football-data.org/v1/competitions/458/leagueTable"
      }
    },
    "id": 458,
    "caption": "DFB-Pokal 2017/18",
    "league": "DFB",
    "year": "2017",
    "currentMatchday": 2,
    "numberOfMatchdays": 6,
    "numberOfTeams": 64,
    "numberOfGames": 48,
    "lastUpdated": "2017-08-20T19:00:14Z"
  },
  {
    "_links": {
      "self": {
        "href": "http://api.football-data.org/v1/competitions/459"
      },
      "teams": {
        "href": "http://api.football-data.org/v1/competitions/459/teams"
      },
      "fixtures": {
        "href": "http://api.football-data.org/v1/competitions/459/fixtures"
      },
      "leagueTable": {
        "href": "http://api.football-data.org/v1/competitions/459/leagueTable"
      }
    },
    "id": 459,
    "caption": "Serie B 2017/18",
    "league": "SB",
    "year": "2017",
    "currentMatchday": 7,
    "numberOfMatchdays": 42,
    "numberOfTeams": 22,
    "numberOfGames": 462,
    "lastUpdated": "2017-10-02T20:40:20Z"
  },
  {
    "_links": {
      "self": {
        "href": "http://api.football-data.org/v1/competitions/464"
      },
      "teams": {
        "href": "http://api.football-data.org/v1/competitions/464/teams"
      },
      "fixtures": {
        "href": "http://api.football-data.org/v1/competitions/464/fixtures"
      },
      "leagueTable": {
        "href": "http://api.football-data.org/v1/competitions/464/leagueTable"
      }
    },
    "id": 464,
    "caption": "Champions League 2017/18",
    "league": "CL",
    "year": "2017",
    "currentMatchday": 3,
    "numberOfMatchdays": 10,
    "numberOfTeams": 32,
    "numberOfGames": 96,
    "lastUpdated": "2017-09-30T10:00:23Z"
  },
  {
    "_links": {
      "self": {
        "href": "http://api.football-data.org/v1/competitions/466"
      },
      "teams": {
        "href": "http://api.football-data.org/v1/competitions/466/teams"
      },
      "fixtures": {
        "href": "http://api.football-data.org/v1/competitions/466/fixtures"
      },
      "leagueTable": {
        "href": "http://api.football-data.org/v1/competitions/466/leagueTable"
      }
    },
    "id": 466,
    "caption": "Australian A-League",
    "league": "AAL",
    "year": "2017",
    "currentMatchday": 1,
    "numberOfMatchdays": 27,
    "numberOfTeams": 10,
    "numberOfGames": 135,
    "lastUpdated": "2017-10-03T16:50:07Z"
  }
]