[
  {
    "logo": "https://upload.wikimedia.org/wikipedia/commons/7/79/UK_Premier_League_logo.png",
    "name": "English Premier League"
  },
  {
    "logo": "https://upload.wikimedia.org/wikipedia/commons/0/04/La_Liga_logotip.jpg",
    "name": "La-Liga Logo"
  },
  {
    "logo": "https://upload.wikimedia.org/wikipedia/commons/1/15/Bundesliga_logo.svg",
    "name": "Bundesliga Logo"
  },
  {
    "logo": "https://upload.wikimedia.org/wikipedia/commons/5/5e/Ligue1.svg",
    "name": "French Ligue 1 Logo"
  },
  {
    "logo": "https://upload.wikimedia.org/wikipedia/commons/5/5a/Eredivisie_logo_2017_SVG.svg",
    "name": "Eredivisie Logo"
  },
  {
    "logo": "https://s1.postimg.org/1442yo254f/serie-a-league-logo.png",
    "name": "Seria A League Logo"
  },
  {
    "logo": "https://upload.wikimedia.org/wikipedia/commons/5/52/Uefa_champions_league_logo.png",
    "name": "chanpions League Logo"
  },
  {
    "logo": "https://s1.postimg.org/3066jmdvfz/EFL_Championship.svg.png",
    "name": "English Championship League"
  }
]